<?xml version="1.0" encoding="utf-8"?>
<!--/1178062/232287/2.50/9/3/Connector/-->
<quadcept_library>
  <setting unit="mil" />
  <textstyle name="Default" height="47.244094488189" strokewidth="7.8740157480315" charwidth="47.244094488189" />
  <textstyle name="Dimension" height="19.6850393700787" strokewidth="0" charwidth="19.6850393700787" />
  <textstyle name="H127W0635TH00762" height="50" strokewidth="3" charwidth="25" />
  <textstyle name="H15W15TH02" height="59.0551181102362" strokewidth="7.8740157480315" charwidth="59.0551181102362" />
  <padstyle name="r200_90" surface="True" plated="False" isvia="False" nopaste="False" nomask="True" complex="False" holesize="0">
    <padshape layer="TOP" shape="rectangle" width="35.433070866141" height="78.740157480314" />
    <padshape layer="TOP_SOLDER_MASK" shape="rectangle" width="43.307086614173" height="86.614173228345" />
    <padshape layer="TOP_SOLDER_PASTE" shape="rectangle" width="35.433070866141" height="78.740157480314" />
  </padstyle>
  <padstyle name="r300_220_h150" surface="False" plated="True" isvia="False" nopaste="True" nomask="True" complex="False" holesize="59.055118110235">
    <padshape layer="TOP" shape="rectangle" width="86.614173228345" height="118.11023622047" />
    <padshape layer="TOP_SOLDER_MASK" shape="rectangle" width="94.488188976377" height="125.9842519685" />
    <padshape layer="INNER" shape="rectangle" width="86.614173228345" height="118.11023622047" />
    <padshape layer="BOTTOM" shape="rectangle" width="86.614173228345" height="118.11023622047" />
    <padshape layer="BOTTOM_SOLDER_MASK" shape="rectangle" width="94.488188976377" height="125.9842519685" />
  </padstyle>
  <footprint name="SATAAPLSMTK" originx="0" originy="0" pickpointx="0" pickpointy="0">
    <pcbpin number="1" name="1" style="r300_220_h150" originx="-250.7874015748" originy="-102.36220472441" rotation="0" />
    <pcbpin number="2" name="2" style="r300_220_h150" originx="250.7874015748" originy="-102.36220472441" rotation="0" />
    <pcbpin number="3" name="S1" style="r200_90" originx="-150" originy="-195.27559055118" rotation="0" />
    <pcbpin number="4" name="S2" style="r200_90" originx="-99.999999999999" originy="-195.27559055118" rotation="0" />
    <pcbpin number="5" name="S3" style="r200_90" originx="-49.999999999999" originy="-195.27559055118" rotation="0" />
    <pcbpin number="6" name="S4" style="r200_90" originx="0" originy="-195.27559055118" rotation="0" />
    <pcbpin number="7" name="S5" style="r200_90" originx="49.999999999999" originy="-195.27559055118" rotation="0" />
    <pcbpin number="8" name="S6" style="r200_90" originx="99.999999999999" originy="-195.27559055118" rotation="0" />
    <pcbpin number="9" name="S7" style="r200_90" originx="150" originy="-195.27559055118" rotation="0" />
    <line layer="TOP_PLACE_BOUND" originx="-383.26771653543" originy="265.74803149606" endx="383.26771653543" endy="265.74803149606" width="3.9370078740157" />
    <line layer="TOP_PLACE_BOUND" originx="383.26771653543" originy="265.74803149606" endx="383.26771653543" endy="-274.01574803149" width="3.9370078740157" />
    <line layer="TOP_PLACE_BOUND" originx="383.26771653543" originy="-274.01574803149" endx="-383.26771653543" endy="-274.01574803149" width="3.9370078740157" />
    <line layer="TOP_PLACE_BOUND" originx="-383.26771653543" originy="-274.01574803149" endx="-383.26771653543" endy="265.74803149606" width="3.9370078740157" />
    <line layer="TOP_ASSEMBLY" originx="0" originy="226.3779527559" endx="343.89763779527" endy="226.3779527559" width="3.9370078740157" />
    <line layer="TOP_ASSEMBLY" originx="343.89763779527" originy="226.3779527559" endx="343.89763779527" endy="-226.3779527559" width="3.9370078740157" />
    <line layer="TOP_ASSEMBLY" originx="343.89763779527" originy="-226.3779527559" endx="196.85039370078" endy="-226.3779527559" width="3.9370078740157" />
    <line layer="TOP_ASSEMBLY" originx="196.85039370078" originy="-226.3779527559" endx="196.85039370078" endy="-127.95275590551" width="3.9370078740157" />
    <line layer="TOP_ASSEMBLY" originx="196.85039370078" originy="-127.95275590551" endx="-196.85039370078" endy="-127.95275590551" width="3.9370078740157" />
    <line layer="TOP_ASSEMBLY" originx="-196.85039370078" originy="-127.95275590551" endx="-196.85039370078" endy="-226.3779527559" width="3.9370078740157" />
    <line layer="TOP_ASSEMBLY" originx="-196.85039370078" originy="-226.3779527559" endx="-343.89763779527" endy="-226.3779527559" width="3.9370078740157" />
    <line layer="TOP_ASSEMBLY" originx="-343.89763779527" originy="-226.3779527559" endx="-343.89763779527" endy="226.3779527559" width="3.9370078740157" />
    <line layer="TOP_ASSEMBLY" originx="-343.89763779527" originy="226.3779527559" endx="0" endy="226.3779527559" width="3.9370078740157" />
    <line layer="TOP_SILKSCREEN" originx="-188.97637795275" originy="-127.95275590551" endx="188.97637795275" endy="-127.95275590551" width="7.8740157480314" />
    <line layer="TOP_SILKSCREEN" originx="196.85039370078" originy="-177.36220472441" endx="196.85039370078" endy="-226.3779527559" width="7.8740157480314" />
    <line layer="TOP_SILKSCREEN" originx="196.85039370078" originy="-226.3779527559" endx="343.89763779527" endy="-226.3779527559" width="7.8740157480314" />
    <line layer="TOP_SILKSCREEN" originx="343.89763779527" originy="-226.3779527559" endx="343.89763779527" endy="226.3779527559" width="7.8740157480314" />
    <line layer="TOP_SILKSCREEN" originx="343.89763779527" originy="226.3779527559" endx="-343.89763779527" endy="226.3779527559" width="7.8740157480314" />
    <line layer="TOP_SILKSCREEN" originx="-343.89763779527" originy="226.3779527559" endx="-343.89763779527" endy="-226.3779527559" width="7.8740157480314" />
    <line layer="TOP_SILKSCREEN" originx="-343.89763779527" originy="-226.3779527559" endx="-196.85039370078" endy="-226.3779527559" width="7.8740157480314" />
    <line layer="TOP_SILKSCREEN" originx="-196.85039370078" originy="-226.3779527559" endx="-196.85039370078" endy="-177.36220472441" width="7.8740157480314" />
    <line layer="TOP_SILKSCREEN" originx="-150" originy="-255.90551181102" endx="-150" endy="-255.90551181102" width="3.9370078740157" />
    <arc layer="TOP_SILKSCREEN" originx="-150" originy="-253.93700787401" startangle="-90.0" sweepangle="180.0" radius="1.9685039370078" width="3.9370078740157" />
    <line layer="TOP_SILKSCREEN" originx="-150" originy="-251.968503937" endx="-150" endy="-251.968503937" width="3.9370078740157" />
    <arc layer="TOP_SILKSCREEN" originx="-150" originy="-253.93700787401" startangle="90.0" sweepangle="180.0" radius="1.9685039370078" width="3.9370078740157" />
  </footprint>
  <symbol name="SATA-A-PL-SMT-K" originx="0" originy="0">
    <line originx="200" originy="100" endx="900" endy="100" width="0" />
    <line originx="900" originy="-700" endx="900" endy="100" width="0" />
    <line originx="900" originy="-700" endx="200" endy="-700" width="0" />
    <line originx="200" originy="100" endx="200" endy="-700" width="0" />
    <sympin number="1" originx="900" originy="0" rotation="0" length="100" width="7.8740157480315" flipped="False">
      <text name="pinname" originx="870" originy="0" style="Default" rotation="0" justify="right" flipped="False" hidden="False" data="MH1" />
      <text name="pindes" originx="960" originy="20" style="Default" rotation="0" justify="lowerleft" flipped="False" hidden="False" data="1" />
    </sympin>
    <sympin number="2" originx="900" originy="-100" rotation="0" length="100" width="7.8740157480315" flipped="False">
      <text name="pinname" originx="870" originy="-100" style="Default" rotation="0" justify="right" flipped="False" hidden="False" data="MH2" />
      <text name="pindes" originx="960" originy="-80" style="Default" rotation="0" justify="lowerleft" flipped="False" hidden="False" data="2" />
    </sympin>
    <sympin number="3" originx="200" originy="0" rotation="180" length="100" width="7.8740157480315" flipped="False">
      <text name="pinname" originx="230" originy="0" style="Default" rotation="0" justify="left" flipped="False" hidden="False" data="GND_1" />
      <text name="pindes" originx="140" originy="20" style="Default" rotation="0" justify="lowerright" flipped="False" hidden="False" data="S1" />
    </sympin>
    <sympin number="4" originx="200" originy="-100" rotation="180" length="100" width="7.8740157480315" flipped="False">
      <text name="pinname" originx="230" originy="-100" style="Default" rotation="0" justify="left" flipped="False" hidden="False" data="A+" />
      <text name="pindes" originx="140" originy="-80" style="Default" rotation="0" justify="lowerright" flipped="False" hidden="False" data="S2" />
    </sympin>
    <sympin number="5" originx="200" originy="-200" rotation="180" length="100" width="7.8740157480315" flipped="False">
      <text name="pinname" originx="230" originy="-200" style="Default" rotation="0" justify="left" flipped="False" hidden="False" data="A-" />
      <text name="pindes" originx="140" originy="-180" style="Default" rotation="0" justify="lowerright" flipped="False" hidden="False" data="S3" />
    </sympin>
    <sympin number="6" originx="200" originy="-300" rotation="180" length="100" width="7.8740157480315" flipped="False">
      <text name="pinname" originx="230" originy="-300" style="Default" rotation="0" justify="left" flipped="False" hidden="False" data="GND_2" />
      <text name="pindes" originx="140" originy="-280" style="Default" rotation="0" justify="lowerright" flipped="False" hidden="False" data="S4" />
    </sympin>
    <sympin number="7" originx="200" originy="-400" rotation="180" length="100" width="7.8740157480315" flipped="False">
      <text name="pinname" originx="230" originy="-400" style="Default" rotation="0" justify="left" flipped="False" hidden="False" data="B-" />
      <text name="pindes" originx="140" originy="-380" style="Default" rotation="0" justify="lowerright" flipped="False" hidden="False" data="S5" />
    </sympin>
    <sympin number="8" originx="200" originy="-500" rotation="180" length="100" width="7.8740157480315" flipped="False">
      <text name="pinname" originx="230" originy="-500" style="Default" rotation="0" justify="left" flipped="False" hidden="False" data="B+" />
      <text name="pindes" originx="140" originy="-480" style="Default" rotation="0" justify="lowerright" flipped="False" hidden="False" data="S6" />
    </sympin>
    <sympin number="9" originx="200" originy="-600" rotation="180" length="100" width="7.8740157480315" flipped="False">
      <text name="pinname" originx="230" originy="-600" style="Default" rotation="0" justify="left" flipped="False" hidden="False" data="GND_3" />
      <text name="pindes" originx="140" originy="-580" style="Default" rotation="0" justify="lowerright" flipped="False" hidden="False" data="S7" />
    </sympin>
  </symbol>
  <component name="SATA-A-PL-SMT-K" designatorprefix="J" height="232" footprint="SATAAPLSMTK">
    <comppin designator="1" sympin="1" pinswap="0" gateswap="0" gate="1" group="1" side="" type="Any" name="MH1" />
    <comppin designator="2" sympin="2" pinswap="0" gateswap="0" gate="1" group="1" side="" type="Any" name="MH2" />
    <comppin designator="S1" sympin="3" pinswap="0" gateswap="0" gate="1" group="1" side="" type="Any" name="GND_1" />
    <comppin designator="S2" sympin="4" pinswap="0" gateswap="0" gate="1" group="1" side="" type="Any" name="A+" />
    <comppin designator="S3" sympin="5" pinswap="0" gateswap="0" gate="1" group="1" side="" type="Any" name="A-" />
    <comppin designator="S4" sympin="6" pinswap="0" gateswap="0" gate="1" group="1" side="" type="Any" name="GND_2" />
    <comppin designator="S5" sympin="7" pinswap="0" gateswap="0" gate="1" group="1" side="" type="Any" name="B-" />
    <comppin designator="S6" sympin="8" pinswap="0" gateswap="0" gate="1" group="1" side="" type="Any" name="B+" />
    <comppin designator="S7" sympin="9" pinswap="0" gateswap="0" gate="1" group="1" side="" type="Any" name="GND_3" />
    <attached_symbol gate="1" name="SATA-A-PL-SMT-K" />
    <pinmap designator="1" footprintpin="1" />
    <pinmap designator="2" footprintpin="2" />
    <pinmap designator="S1" footprintpin="3" />
    <pinmap designator="S2" footprintpin="4" />
    <pinmap designator="S3" footprintpin="5" />
    <pinmap designator="S4" footprintpin="6" />
    <pinmap designator="S5" footprintpin="7" />
    <pinmap designator="S6" footprintpin="8" />
    <pinmap designator="S7" footprintpin="9" />
    <text name="Datasheet" originx="0" originy="0" style="Default" rotation="0" justify="" flipped="False" hidden="True" data="https://app.adam-tech.com/products/download/data_sheet/203109/sata-a-pl-smt-k-data-sheet.pdf" />
    <text name="Description" originx="0" originy="0" style="Default" rotation="0" justify="" flipped="False" hidden="True" data="Conn SATA PL 7 POS 1.27mm Solder RA SMD 7 Terminal 1 Port Tray/Tube" />
    <text name="Mouser Part Number" originx="0" originy="0" style="Default" rotation="0" justify="" flipped="False" hidden="True" data="737-SATA-A-PL-SMT-K" />
    <text name="Mouser Price/Stock" originx="0" originy="0" style="Default" rotation="0" justify="" flipped="False" hidden="True" data="https://www.mouser.co.uk/ProductDetail/Adam-Tech/SATA-A-PL-SMT-K?qs=HoCaDK9Nz5dztr92%2FSCAMw%3D%3D" />
    <text name="Manufacturer_Name" originx="0" originy="0" style="Default" rotation="0" justify="" flipped="False" hidden="True" data="Adam Tech" />
    <text name="Manufacturer_Part_Number" originx="950" originy="200" style="Default" rotation="0" justify="left" flipped="False" hidden="False" data="SATA-A-PL-SMT-K" />
  </component>
</quadcept_library>
