<?xml version="1.0" encoding="utf-8"?>
<!--/14001428/232287/2.50/2/2/Crystal or Oscillator/-->
<quadcept_library>
  <setting unit="mil" />
  <textstyle name="Default" height="47.244094488189" strokewidth="7.8740157480315" charwidth="47.244094488189" />
  <textstyle name="Dimension" height="19.6850393700787" strokewidth="0" charwidth="19.6850393700787" />
  <textstyle name="H127W0635TH00762" height="50" strokewidth="3" charwidth="25" />
  <textstyle name="H15W15TH02" height="59.0551181102362" strokewidth="7.8740157480315" charwidth="59.0551181102362" />
  <padstyle name="r560_210" surface="True" plated="False" isvia="False" nopaste="False" nomask="True" complex="False" holesize="0">
    <padshape layer="TOP" shape="rectangle" width="82.67716535433" height="220.47244094488" />
    <padshape layer="TOP_SOLDER_MASK" shape="rectangle" width="90.551181102361" height="228.34645669291" />
    <padshape layer="TOP_SOLDER_PASTE" shape="rectangle" width="82.67716535433" height="220.47244094488" />
  </padstyle>
  <footprint name="ABLS" originx="0" originy="0" pickpointx="0" pickpointy="0">
    <pcbpin number="1" name="1" style="r560_210" originx="-187.00787401575" originy="0" rotation="90" />
    <pcbpin number="2" name="2" style="r560_210" originx="187.00787401575" originy="0" rotation="90" />
    <line layer="TOP_ASSEMBLY" originx="-224.40944881889" originy="92.519685039369" endx="224.40944881889" endy="92.519685039369" width="3.9370078740157" />
    <line layer="TOP_ASSEMBLY" originx="224.40944881889" originy="92.519685039369" endx="224.40944881889" endy="-92.519685039369" width="3.9370078740157" />
    <line layer="TOP_ASSEMBLY" originx="224.40944881889" originy="-92.519685039369" endx="-224.40944881889" endy="-92.519685039369" width="3.9370078740157" />
    <line layer="TOP_ASSEMBLY" originx="-224.40944881889" originy="-92.519685039369" endx="-224.40944881889" endy="92.519685039369" width="3.9370078740157" />
    <line layer="TOP_PLACE_BOUND" originx="-336.61417322834" originy="131.88976377953" endx="336.61417322834" endy="131.88976377953" width="3.9370078740157" />
    <line layer="TOP_PLACE_BOUND" originx="336.61417322834" originy="131.88976377953" endx="336.61417322834" endy="-131.88976377953" width="3.9370078740157" />
    <line layer="TOP_PLACE_BOUND" originx="336.61417322834" originy="-131.88976377953" endx="-336.61417322834" endy="-131.88976377953" width="3.9370078740157" />
    <line layer="TOP_PLACE_BOUND" originx="-336.61417322834" originy="-131.88976377953" endx="-336.61417322834" endy="131.88976377953" width="3.9370078740157" />
    <line layer="TOP_SILKSCREEN" originx="-224.40944881889" originy="55.11811023622" endx="-224.40944881889" endy="92.519685039369" width="7.8740157480314" />
    <line layer="TOP_SILKSCREEN" originx="-224.40944881889" originy="92.519685039369" endx="224.40944881889" endy="92.519685039369" width="7.8740157480314" />
    <line layer="TOP_SILKSCREEN" originx="224.40944881889" originy="92.519685039369" endx="224.40944881889" endy="55.11811023622" width="7.8740157480314" />
    <line layer="TOP_SILKSCREEN" originx="224.40944881889" originy="-55.11811023622" endx="224.40944881889" endy="-92.519685039369" width="7.8740157480314" />
    <line layer="TOP_SILKSCREEN" originx="224.40944881889" originy="-92.519685039369" endx="-224.40944881889" endy="-92.519685039369" width="7.8740157480314" />
    <line layer="TOP_SILKSCREEN" originx="-224.40944881889" originy="-92.519685039369" endx="-224.40944881889" endy="-55.11811023622" width="7.8740157480314" />
    <line layer="TOP_SILKSCREEN" originx="-314.96062992126" originy="0" endx="-314.96062992126" endy="0" width="3.9370078740157" />
    <arc layer="TOP_SILKSCREEN" originx="-312.99212598425" originy="0" startangle="-180.0" sweepangle="180.0" radius="1.9685039370079" width="3.9370078740157" />
    <line layer="TOP_SILKSCREEN" originx="-311.02362204724" originy="0" endx="-311.02362204724" endy="0" width="3.9370078740157" />
    <arc layer="TOP_SILKSCREEN" originx="-312.99212598425" originy="0" startangle=".0" sweepangle="180.0" radius="1.9685039370079" width="3.9370078740157" />
  </footprint>
  <symbol name="ABLS-25.000MHZ-B4-F-T" originx="0" originy="0">
    <line originx="120" originy="100" endx="120" endy="-100" width="0" />
    <line originx="280" originy="100" endx="280" endy="-100" width="0" />
    <line originx="160" originy="140" endx="160" endy="-140" width="0" />
    <line originx="240" originy="-140" endx="160" endy="-140" width="0" />
    <line originx="240" originy="-140" endx="240" endy="140" width="0" />
    <line originx="160" originy="140" endx="240" endy="140" width="0" />
    <line originx="280" originy="0" endx="300" endy="0" width="0" />
    <line originx="120" originy="0" endx="100" endy="0" width="0" />
    <sympin number="1" originx="100" originy="0" rotation="180" length="100" width="7.8740157480315" flipped="False">
      <text name="pinname" originx="140" originy="10" style="Default" rotation="0" justify="left" flipped="False" hidden="True" data="1" />
      <text name="pindes" originx="60" originy="10" style="Default" rotation="0" justify="lowerright" flipped="False" hidden="False" data="1" />
    </sympin>
    <sympin number="2" originx="300" originy="0" rotation="0" length="100" width="7.8740157480315" flipped="False">
      <text name="pinname" originx="260" originy="10" style="Default" rotation="0" justify="right" flipped="False" hidden="True" data="2" />
      <text name="pindes" originx="340" originy="10" style="Default" rotation="0" justify="lowerleft" flipped="False" hidden="False" data="2" />
    </sympin>
  </symbol>
  <component name="ABLS-25.000MHZ-B4-F-T" designatorprefix="Y" height="0" footprint="ABLS">
    <comppin designator="1" sympin="1" pinswap="0" gateswap="0" gate="1" group="1" side="" type="Any" name="1" />
    <comppin designator="2" sympin="2" pinswap="0" gateswap="0" gate="1" group="1" side="" type="Any" name="2" />
    <attached_symbol gate="1" name="ABLS-25.000MHZ-B4-F-T" />
    <pinmap designator="1" footprintpin="1" />
    <pinmap designator="2" footprintpin="2" />
    <text name="Datasheet" originx="0" originy="0" style="Default" rotation="0" justify="" flipped="False" hidden="True" data="https://abracon.com/Resonators/abls.pdf" />
    <text name="Description" originx="0" originy="0" style="Default" rotation="0" justify="" flipped="False" hidden="True" data="HC/49US (AT49) SMD LOW PROFILE CRYSTAL" />
    <text name="Mouser Part Number" originx="0" originy="0" style="Default" rotation="0" justify="" flipped="False" hidden="True" data="815-ABLS-25.0M-F-T" />
    <text name="Mouser Price/Stock" originx="0" originy="0" style="Default" rotation="0" justify="" flipped="False" hidden="True" data="https://www.mouser.co.uk/ProductDetail/ABRACON/ABLS-25.000MHZ-B4-F-T?qs=yTU0IcKoRlHGW93axwFkQw%3D%3D" />
    <text name="Manufacturer_Name" originx="0" originy="0" style="Default" rotation="0" justify="" flipped="False" hidden="True" data="ABRACON" />
    <text name="Manufacturer_Part_Number" originx="350" originy="150" style="Default" rotation="0" justify="left" flipped="False" hidden="False" data="ABLS-25.000MHZ-B4-F-T" />
  </component>
</quadcept_library>
